,1,2,3,4,5,6,7,8,9,10,11,12,13,14,15,16,17,18,19,20,21,22,23,24
A,,,,,,,,,,,,,,,,,,,,,,,,
B,,,,,,,,,,,,,,,,,,,,,,,,
C,,,,,,,,,,,,,,,,mex,woodii,auto,pross,mex_fdh,woodii_fdh,auto_fdh,pross_fdh,mod3_1_ctrl
D,,,,,,,,,,,,,,,,,,,,,fdh_ctrl,mod3_2_ctrl,mod3_full_ctrl,neg
E,,,,,,,,,,,,,,,,,,,,,,,,
F,,,,,,,,,,,,,,,,,,,,,,,,
G,,,,,,,,,,,,,,,,,,,,,,,,
H,,,,,,,,,,,,,,,,,,,,,,,,
I,,,,,,,,,,,,,,,,,,,,,,,,
J,,,,,,,,,,,,,,,,,,,,,,,,
K,,,,,,,,,,,,,,,,,,,,,,,,
L,,,,,,,,,,,,,,,,,,,,,,,,
M,,,,,,,,,,,,,,,,,,,,,,,,
N,,,,,,,,,,,,,,,,,,,,,,,,
O,,,,,,,,,,,,,,,,,,,,,,,,
P,,,,,,,,,,,,,,,,,,,,,,,,